dataset,accuracy,runtime,dataset_size
professor_teacher,0.8473238978363429,nan,24588
agnews,0.715,nan,1000
painter_architect,0.9684537430532854,5227.765183,12236
tweets,0.9533835889437657,813.06125,11541
spam,0.9411342426417804,377.745433,5572
plots,0.8210796915167096,144.60724,1945
amazon,0.97558,16964.252364,200000
physician_professor,0.869153388648212,4351.46658,54476
imdb,0.91732,5349.003516,50000
fakenews,0.780947926410976,8085.302477,44898
yelp,0.9689473684210527,3587.008411,38000
