strategy,complaint_size,runtime,avg_tree_size_increase
naive,4,0.2443103790283203,1.0
naive,10,0.4728870391845703,3.2
naive,20,0.9608149528503418,7.1
naive,40,1.8463435173034668,11.3
naive,100,4.493170738220215,9.5
naive,200,9.212769031524658,12.5
decision_tree,4,0.2776303291320801,0.7
decision_tree,10,0.7493586540222168,2.1
decision_tree,20,2.447916030883789,4.3
decision_tree,40,6.115590333938599,4.8
decision_tree,100,25.450043201446533,6.6
decision_tree,200,132.55746912956238,8.7

